id,nombre,categoria,tipo,referencia,precio,,coste,activo
1,BANDA Cubitron II  1/2x18” 36+,82,product,0580-0217,28.67,1.4335,27.2365,True
2,BANDA Cubitron II  1/2x18” 80+,82,product,0580-0218,28.67,1.4335,27.2365,True
3,CUBETA WETODTY 3M,82,product,0306-0007,0.09,0.0045,0.0855,True
4,DISCO 3M CTE.PREC.A.INOX 4 1/2,82,product,0278-0031,10.23,0.5115,9.7185,True
5,DISCO 3M CTE.PREC.METAL  4 1/2,82,product,0279-0139,9.59,0.4795,9.1105,True
6,DISCO CLEAN&STRIP 4.5X7/8”FIBR,81,product,0286-0025,72.89,3.6445,69.2455,True
7,DISCO CLEAN&STRIP 4x1x1/4”FIBR,81,product,0286-0044,340.16,17.008,323.152,True
8,DISCO CLEAN&STRIP 7x7/8”T27 XT,81,product,0286-0048,170.8,8.54,162.26,True
9,DISCO CTE.3M BLACK  4.5” 28672,82,product,0279-0166,6.35,0.3175,6.0325,True
10,DISCO CTE.3M BLACK 14”   72651,82,product,0279-0167,43.75,2.1875,41.5625,True
11,DISCO CTE.CUBITRON II 3” 33455,82,product,0279-0161,92.07,4.6035,87.4665,True
12,DISCO CTE.CUBITRON II 3” 33456,82,product,0279-0163,92.07,4.6035,87.4665,True
13,DISCO CTE.CUBITRON II 4 1/2”,82,product,0279-0162,99.91,4.9955,94.9145,True
14,DISCO CUBITRON II 982C 4.5”#36,81,product,0289-0097,46.8,2.34,44.46,True
15,DISCO CUBITRON II 982C 4.5”#60,81,product,0289-0098,48.2,2.41,45.79,True
16,DISCO CUBITRON II 982C 4.5”#80,81,product,0289-0099,46.8,2.34,44.46,True
17,DISCO CUBITRON II 982C 7” # 36,81,product,0289-0080,64.12,3.206,60.914,True
18,DISCO CUBITRON II 982C 7” # 60,81,product,0289-0100,61.29,3.0645,58.2255,True
19,DISCO CUBITRON II 982C 7” # 80,81,product,0289-0101,63.13,3.1565,59.9735,True
20,DISCO DESB.3M BLACK  4.5”72674,82,product,0284-0084,13,0.65,12.35,True
21,DISCO DESB.3M BLACK  7”  72678,82,product,0284-0085,24.2,1.21,22.99,True
22,DISCO DESB.CUBITRON II 4 1/2”,82,product,0284-0071,127.06,6.353,120.707,True
23,DISCO DESB.CUBITRON II 7”,82,product,0284-0072,187.57,9.3785,178.1915,True
24,DISCO DESB.CUBITRON II 7”,82,product,0284-0088,187.59,9.3795,178.2105,True
25,DISCO FIBRA 987C 4.5x7/8” # 60,82,product,0286-0045,47.21,2.3605,44.8495,True
26,DISCO FIBRA 987C 7x7/8”   # 36,81,product,0286-0026,63.55,3.1775,60.3725,True
27,DISCO FIBRA 987C 7x7/8”   # 60,82,product,0286-0046,61.7,3.085,58.615,True
28,DISCO FIBRA 987C 7x7/8”   # 80,82,product,0286-0047,61.7,3.085,58.615,True
29,DISCO FIBRA CUBITRON 4.5” # 36,82,product,0286-0038,51.41,2.5705,48.8395,True
30,DISCO FIBRA CUBITRON 4.5” # 80,82,product,0286-0039,51.41,2.5705,48.8395,True
31,DISCO FIBRA CUBITRON II 4”# 36,82,product,0286-0041,46.6,2.33,44.27,True
32,DISCO FIBRA CUBITRON II 4”# 80,82,product,0286-0042,46.6,2.33,44.27,True
33,DISCO FIBRA CUBITRON II 7”# 36,82,product,0286-0040,66.76,3.338,63.422,True
34,DISCO FIBRA CUBITRON II 7”# 80,82,product,0286-0043,66.76,3.338,63.422,True
35,DISCO FLAP 566A # 40  4.5x7/8”,82,product,0288-0126,44.82,2.241,42.579,True
36,DISCO FLAP 566A # 60  4.5x7/8”,82,product,0288-0127,44.82,2.241,42.579,True
37,DISCO FLAP 566A # 60YF 7X7/8”,82,product,0288-0118,145.9,7.295,138.605,True
38,DISCO FLAP 566A # 80  4.5x7/8”,82,product,0288-0128,44.82,2.241,42.579,True
39,DISCO FLAP 577F # 40  4.5X7/8”,82,product,0288-0105,56.12,2.806,53.314,True
40,DISCO FLAP 577F # 60  4.5X7/8”,82,product,0288-0106,56.12,2.806,53.314,True
41,DISCO FLAP 577F # 80  4.5X7/8”,82,product,0288-0107,56.12,2.806,53.314,True
42,DISCO FLAP 967A # 40  4.5x7/8”,82,product,0288-0142,47.97,2.3985,45.5715,True
43,DISCO FLAP 967A # 60  4.5x7/8”,82,product,0288-0143,47.97,2.3985,45.5715,True
44,DISCO FLAP 967A # 80  4.5x7/8”,82,product,0288-0144,47.97,2.3985,45.5715,True
45,DISCO HOOKIT 236U 6” # 150P,81,product,0293-0319,7.67,0.3835,7.2865,True
46,"DISCO HOOKIT 260L 6"" #1000P 7H",81,product,0293-0345,11.91,0.5955,11.3145,True
47,Disco Hookit 260L 6” #1200P 7H,81,product,0293-0342,11.91,0.5955,11.3145,True
48,Disco Hookit 260L 6” #1500P 7H,81,product,0293-0346,12.92,0.646,12.274,True
49,DISCO HOOKIT C.S.3” # 80 30283,81,product,0293-0337,6.15,0.3075,5.8425,True
50,DISCO HOOKIT C.S.3” #320 30275,81,product,0293-0165,5.94,0.297,5.643,True
51,DISCO HOOKIT C.S.3” #400 30273,81,product,0293-0166,6.69,0.3345,6.3555,True
52,DISCO HOOKIT C.S.6” #600 30771,81,product,0293-0167,13.37,0.6685,12.7015,True
53,DISCO HOOKIT C.S.6”#  40+31370,81,product,0293-0343,27,1.35,25.65,True
54,DISCO HOOKIT C.S.6”#  80+31371,81,product,0293-0334,16.54,0.827,15.713,True
55,DISCO HOOKIT C.S.6”# 100 01819,81,product,0293-0336,12.18,0.609,11.571,True
56,DISCO HOOKIT C.S.6”# 120+31372,81,product,0293-0335,13.59,0.6795,12.9105,True
57,DISCO HOOKIT C.S.6”# 150 01817,81,product,0293-0331,12.98,0.649,12.331,True
58,DISCO HOOKIT C.S.6”# 150 31373,81,product,0293-0348,12.98,0.649,12.331,True
59,DISCO HOOKIT C.S.6”# 220 31481,81,product,0293-0349,12.98,0.649,12.331,True
60,DISCO HOOKIT FILM 0950 6”P1500,81,product,0293-0168,9.54,0.477,9.063,True
61,DISCO HOOKIT FILM 0968 6”P1200,81,product,0293-0169,8.95,0.4475,8.5025,True
62,DISCO HOOKIT FILM 0969 6”P1000,81,product,0293-0170,9.87,0.4935,9.3765,True
63,DISCO HOOKIT FILM 0970 6” P800,81,product,0293-0171,9.88,0.494,9.386,True
64,DISCO HOOKIT FILM 0971 6” P600,81,product,0293-0172,7.6,0.38,7.22,True
65,DISCO HOOKIT GOLD 0973 6” P400,81,product,0293-0175,6.84,0.342,6.498,True
66,DISCO HOOKIT GOLD 0975 6” P320,81,product,0293-0176,6.84,0.342,6.498,True
67,DISCO HOOKIT GOLD 0978 6” P220,81,product,0293-0177,6.84,0.342,6.498,True
68,DISCO HOOKIT GOLD 0979 6” P180,81,product,0293-0178,6.84,0.342,6.498,True
69,DISCO HOOKIT GOLD 0980 6” P150,81,product,0293-0179,6.84,0.342,6.498,True
70,DISCO HOOKIT GOLD 0981 6” P120,81,product,0293-0180,6.84,0.342,6.498,True
71,DISCO HOOKIT GOLD 0982 6” P100,81,product,0293-0181,6.84,0.342,6.498,True
72,DISCO HOOKIT GOLD 0983 6” P 80,81,product,0293-0182,7.87,0.3935,7.4765,True
73,DISCO HOOKIT GOLD 1073 6” P400,81,product,0293-0184,9.87,0.4935,9.3765,True
74,DISCO HOOKIT GOLD 1075 6” P320,81,product,0293-0185,8.5,0.425,8.075,True
75,DISCO HOOKIT GOLD 1078 6” P220,81,product,0293-0186,8.5,0.425,8.075,True
76,DISCO HOOKIT GOLD 1081 6” P120,81,product,0293-0187,8.5,0.425,8.075,True
77,DISCO HOOKIT GOLD 30770 6”P800,81,product,0293-0188,12.92,0.646,12.274,True
78,DISCO HOOKIT IMP.C.6”1811 P400,81,product,0293-0189,12.54,0.627,11.913,True
79,DISCO HOOKIT IMP.C.6”1812 P320,81,product,0293-0190,12.54,0.627,11.913,True
80,DISCO HOOKIT IMP.C.6”1815 P220,81,product,0293-0191,11.74,0.587,11.153,True
81,DISCO HOOKIT IMP.C.6”1816 P180,81,product,0293-0192,11.74,0.587,11.153,True
82,DISCO HOOKIT IMP.C.6”1818 P120,81,product,0293-0194,10.04,0.502,9.538,True
83,DISCO HOOKIT IMP.C.6”1821  P80,81,product,0293-0196,20.66,1.033,19.627,True
84,DISCO HOOKIT IMP.C.6”1824  P36,81,product,0293-0197,22.14,1.107,21.033,True
85,DISCO HOOKIT MICR 0868 6”P1200,81,product,0293-0198,12.9,0.645,12.255,True
86,DISCO HOOKIT MICR 0869 6”P1000,81,product,0293-0199,10.79,0.5395,10.2505,True
87,DISCO HOOKIT MICR 0870 6” P800,81,product,0293-0200,13.17,0.6585,12.5115,True
88,DISCO HOOKIT PURP 0672 6” P500,81,product,0293-0202,9.67,0.4835,9.1865,True
89,DISCO HOOKIT PURP 0673 6” P400,81,product,0293-0203,8.78,0.439,8.341,True
90,DISCO HOOKIT PURP 0675 6” P320,81,product,0293-0205,9.67,0.4835,9.1865,True
91,DISCO HOOKIT PURP 0676 6” P280,81,product,0293-0206,9.77,0.4885,9.2815,True
92,DISCO HOOKIT PURP 0678 6” P220,81,product,0293-0208,9.67,0.4835,9.1865,True
93,DISCO HOOKIT PURP 0679 6” P180,81,product,0293-0209,9.67,0.4835,9.1865,True
94,DISCO HOOKIT PURP 0680 6” P150,81,product,0293-0210,9.67,0.4835,9.1865,True
95,DISCO HOOKIT PURP 0681 6” P120,81,product,0293-0211,9.32,0.466,8.854,True
96,DISCO HOOKIT PURP 0682 6” P100,81,product,0293-0212,9.81,0.4905,9.3195,True
97,DISCO HOOKIT PURP 0683 6”  P80,81,product,0293-0213,11.04,0.552,10.488,True
98,DISCO HOOKIT PURP 0769 6”P1000,81,product,0293-0217,12.95,0.6475,12.3025,True
99,DISCO HOOKIT PURP 0786 6”  40E,81,product,0293-0232,26.08,1.304,24.776,True
100,DISCO HOOKIT PURP 0787 6”  36E,81,product,0293-0233,27.74,1.387,26.353,True
101,DISCO HOOKIT PURP 0834 6”  40E,81,product,0293-0228,20.39,1.0195,19.3705,True
102,DISCO HOOKIT PURP 0835 6”  36E,81,product,0293-0229,21.88,1.094,20.786,True
103,DISCO HOOKIT PURP 0850 6”P1500,81,product,0293-0230,12.78,0.639,12.141,True
104,DISCO HOOKIT REG. 0512 6”  G80,81,product,0293-0234,20.53,1.0265,19.5035,True
105,DISCO HOOKIT REG. 0515 6”  G40,81,product,0293-0235,17.58,0.879,16.701,True
106,DISCO HOOKIT REG. 0516 6”  G36,81,product,0293-0236,26.6,1.33,25.27,True
107,DISCO HOOKIT REG. 0525 8”  G36,81,product,0293-0238,30.45,1.5225,28.9275,True
108,DISCO HOOKIT ROJO 1222 6” #180,81,product,0293-0339,5.76,0.288,5.472,True
109,DISCO HOOKIT ROJO 1224 6” #120,81,product,0293-0340,5.76,0.288,5.472,True
110,DISCO HOOKIT ROJO 1261 6” # 80,81,product,0293-0341,6.17,0.3085,5.8615,True
111,DISCO HOOKIT ROJO 1262 6” # 40,81,product,0293-0316,16.46,0.823,15.637,True
112,DISCO ROLOC CRS 3”,81,product,0291-0061,39.5,1.975,37.525,True
113,DISCO ROLOC CUBITRON II 2”# 36,81,product,0291-0058,20.2,1.01,19.19,True
114,DISCO ROLOC CUBITRON II 2”# 80,81,product,0291-0059,20.21,1.0105,19.1995,True
115,DISCO ROLOC CUBITRON II 3”# 36,81,product,0291-0054,20.57,1.0285,19.5415,True
116,DISCO ROLOC CUBITRON II 3”# 80,81,product,0291-0053,24.08,1.204,22.876,True
117,DISCO ROLOC MEDIANO 3”   05531,81,product,0291-0022,32.82,1.641,31.179,True
118,DISCO TRIZAC     02085 6”P3000,81,product,0293-0240,59.77,2.9885,56.7815,True
119,DISCO TRIZAC ESP.30662 6”P5000,81,product,0293-0296,59.77,2.9885,56.7815,True
120,KIT BLOQUES ABRAS. 3M    05684,81,product,0077-0007,2057.94,102.897,1955.043,True
121,LIJA 3M FLEX. 5.5x6.8” #  400,81,product,0445-0100,28.81,1.4405,27.3695,True
122,LIJA 3M FLEX. 5.5x6.8” #  600,81,product,0445-0101,28.81,1.4405,27.3695,True
123,LIJA 3M FLEX. 5.5x6.8” #  800,81,product,0445-0102,28.81,1.4405,27.3695,True
124,LIJA 3M FLEX. 5.5x6.8” # 1000,81,product,0445-0093,28.81,1.4405,27.3695,True
125,LIJA 3M FLEX. 5.5x6.8” # 1200,81,product,0445-0094,28.81,1.4405,27.3695,True
126,LIJA 3M FLEX. 5.5x6.8” # 1500,81,product,0445-0095,28.81,1.4405,27.3695,True
127,Lija 3M Imper.5.5x9”#1000 2021,81,product,0445-0062,8.55,0.4275,8.1225,True
128,Lija 3M Imper.5.5x9”#1200 2022,81,product,0445-0063,8.55,0.4275,8.1225,True
129,Lija 3M Imper.5.5x9”#1500 2023,81,product,0445-0065,8.55,0.4275,8.1225,True
130,Lija 3M Imper.5.5x9”#2000 2044,81,product,0445-0068,8.55,0.4275,8.1225,True
131,Lija 3M Imper.5.5x9”#2500 2045,81,product,0445-0069,8.55,0.4275,8.1225,True
132,Lija 3M Imper.5.5x9”#3000 1998,81,product,0445-0091,8.56,0.428,8.132,True
133,Lija 3M Imper.9x11”# 220 02043,81,product,0445-0099,6.99,0.3495,6.6405,True
134,Lija 3M Imper.9x11”# 320 02040,81,product,0445-0096,6.99,0.3495,6.6405,True
135,Lija 3M Imper.9x11”# 400 02038,81,product,0445-0097,6.99,0.3495,6.6405,True
136,Lija 3M Imper.9x11”# 600 02036,81,product,0445-0098,6.99,0.3495,6.6405,True
137,Lija 3M Imper.9x11”# 800 02035,81,product,0445-0103,6.99,0.3495,6.6405,True
138,Lija 3M Imper.9x11”#1000 02034,81,product,0445-0087,18.11,0.9055,17.2045,True
139,Lija 3M Imper.9x11”#1200 02033,81,product,0445-0064,18.11,0.9055,17.2045,True
140,Lija 3M Imper.9x11”#1500 02032,81,product,0445-0066,18.11,0.9055,17.2045,True
141,Lija 3M Imper.9x11”#2000 02020,81,product,0445-0067,18.11,0.9055,17.2045,True
142,Lija 3M Imper.9x11”#2500 02019,81,product,0445-0088,18.11,0.9055,17.2045,True
143,Lija 3M Imper.9x11”#3000 01999,81,product,0445-0092,18.11,0.9055,17.2045,True
144,RESP.DISCO HOOK 6”        5776,81,product,0740-0012,470.45,23.5225,446.9275,True
145,RESP.DISCO HOOK BLOC      5741,81,product,0858-0010,470.45,23.5225,446.9275,True
146,RESP.DISCO HOOK”QUESAD”6” 5792,81,product,0740-0013,125.13,6.2565,118.8735,True
147,RESP.DISCO HOOKIT II 6”   5286,81,product,0740-0014,487.16,24.358,462.802,True
148,RESP.HOOK ”SUAVE” 6”      5774,81,product,0740-0018,151.82,7.591,144.229,True
149,RESP.LARGO GARLOPA        5744,81,product,0858-0011,705.47,35.2735,670.1965,True
150,RESP.MAN.HOOK”CHANCLA” 6” 5791,81,product,0740-0019,123.77,6.1885,117.5815,True
151,RESP.MAN.HOOKIT 6”        5291,81,product,0740-0020,427.21,21.3605,405.8495,True
152,RESP.MANUAL STIKIT DURO   5586,81,product,0741-0001,58.03,2.9015,55.1285,True
153,RESP.MEDIA LUNA HOOKIT 6” 5292,81,product,0740-0021,213.62,10.681,202.939,True
154,RESP.P/TIRAS TRIZACT ESP. 5612,81,product,0858-0018,89.58,4.479,85.101,True
155,RESP.SUAVE P/LIJA MICROF. 5526,81,product,0741-0002,38.69,1.9345,36.7555,True
156,RESP.TABLA MAN.70X406MM  05244,81,product,0858-0012,631.99,31.5995,600.3905,True
157,RESPALDO 3M 9302,81,product,0740-0037,129.6,6.48,123.12,True
158,ROLLO TIRA CUBITRON II CS  40+,81,product,0752-0130,505.46,25.273,480.187,True
159,ROLLO TIRA CUBITRON II CS  80+,81,product,0752-0131,552.72,27.636,525.084,True
160,ROLLO TIRA CUBITRON II CS 120+,81,product,0752-0132,464.44,23.222,441.218,True
161,ROLLO TIRA CUBITRON II CS 150+,81,product,0752-0133,464.44,23.222,441.218,True
162,ROLLO TIRA CUBITRON II CS 220+,81,product,0752-0134,464.44,23.222,441.218,True
163,ROLLO TIRA HOOKIT C.SAND P  36,81,product,0752-0098,463.26,23.163,440.097,True
164,ROLLO TIRA HOOKIT C.SAND P  40,81,product,0752-0124,465.54,23.277,442.263,True
165,ROLLO TIRA HOOKIT C.SAND P 120,81,product,0752-0104,405.42,20.271,385.149,True
166,ROLLO TIRA HOOKIT C.SAND P 150,81,product,0752-0100,388.86,19.443,369.417,True
167,ROLLO TIRA HOOKIT C.SAND P 180,81,product,0752-0105,388.86,19.443,369.417,True
168,ROLLO TIRA HOOKIT C.SAND P 220,81,product,0752-0101,449.26,22.463,426.797,True
169,ROLLO TIRA HOOKIT C.SAND P 320,81,product,0752-0106,429.77,21.4885,408.2815,True
170,ROLLO TIRA HOOKIT C.SAND P 400,81,product,0752-0107,414.96,20.748,394.212,True
171,RUEDA CTE. GREEN CORPS 3” 1987,81,product,0761-0150,24.38,1.219,23.161,True
172,RUEDA CTE. GREEN CORPS 3” 1989,81,product,0761-0151,87.95,4.3975,83.5525,True
173,RUEDA CTE. GREEN CORPS 3” 1990,81,product,0761-0152,79.34,3.967,75.373,True
174,RUEDA CTE. USO GENERAL 3” 1988,81,product,0761-0153,23.08,1.154,21.926,True
175,TIRA CUBITRON II   80+   34492,81,product,0857-0092,22.06,1.103,20.957,True
176,TIRA CUBITRON II  120+   34494,81,product,0857-0093,14.43,0.7215,13.7085,True
177,TIRA CUBITRON II  180+   34496,81,product,0857-0094,14.43,0.7215,13.7085,True
178,TIRA CUBITRON II  220+   34497,81,product,0857-0091,14.43,0.7215,13.7085,True
179,TIRA GREEN 70X445MM #36   2222,81,product,0857-0051,14.94,0.747,14.193,True
180,TIRA GREEN 70X445MM #80   2220,81,product,0857-0073,9.78,0.489,9.291,True
181,TIRA HOOKIT 216U          P220,81,product,0857-0052,15.23,0.7615,14.4685,True
182,TIRA HOOKIT 236U 2473     P120,81,product,0857-0053,14.55,0.7275,13.8225,True
183,TIRA HOOKIT GOLD 2469     P220,81,product,0857-0059,14.55,0.7275,13.8225,True
184,TIRA HOOKIT GOLD 2470     P180,81,product,0857-0060,14.06,0.703,13.357,True
185,TIRA HOOKIT IMPERIAL 1793 G 40,81,product,0857-0085,18.86,0.943,17.917,True
186,TIRA HOOKIT IMPERIAL 1794 G 36,81,product,0857-0086,27.52,1.376,26.144,True
187,TIRA HOOKIT IMPERIAL 1862 G220,81,product,0857-0090,14.43,0.7215,13.7085,True
188,TIRA HOOKIT IMPERIAL 1864 G150,81,product,0857-0088,12.35,0.6175,11.7325,True
189,TIRA HOOKIT IMPERIAL 1865 G120,81,product,0857-0087,14.43,0.7215,13.7085,True
190,TIRA HOOKIT PURP.0801      G80,81,product,0857-0061,18.58,0.929,17.651,True
191,TIRA HOOKIT PURP.0802      G40,81,product,0857-0062,18.54,0.927,17.613,True
192,TIRA HOOKIT PURP.0803      G36,81,product,0857-0063,20.66,1.033,19.627,True
193,TIRA HOOKIT PURP.2667     G400,81,product,0857-0064,10.41,0.5205,9.8895,True
194,TIRA HOOKIT PURP.2668     G320,81,product,0857-0065,11.46,0.573,10.887,True
195,TIRA HOOKIT PURP.2669     G220,81,product,0857-0066,12.16,0.608,11.552,True
196,TIRA HOOKIT PURP.2670     G180,81,product,0857-0067,11.05,0.5525,10.4975,True
197,TIRA HOOKIT PURP.2672     G150,81,product,0857-0068,12.16,0.608,11.552,True
198,TIRA HOOKIT PURP.2673     G120,81,product,0857-0069,12.08,0.604,11.476,True
199,TIRA HOOKIT PURPURA 01860 P320,81,product,0857-0089,14.94,0.747,14.193,True
200,TIRA HOOKIT REGAL 539      G80,81,product,0857-0070,19.67,0.9835,18.6865,True
201,TIRA HOOKIT REGAL 542      G40,81,product,0857-0071,28.81,1.4405,27.3695,True
202,TIRA HOOKIT REGAL 543      G36,81,product,0857-0072,27.52,1.376,26.144,True
203,TIRA TRIZACT 7x14cmP3000 30290,81,product,0857-0080,30.4,1.52,28.88,True
204,TIRA TRIZACT 7x14cmP5000 30289,81,product,0857-0081,30.4,1.52,28.88,True
205,366 MIXING BOARD,81,product,0819-0001,39.06,1.953,37.107,True
206,3M NOMAD LOGO FERRET. 90x60cm,82,product,0341-0171,0.09,0.0045,0.0855,True
207,5433 MAR-HYDE QUIKSAND 2K PLYE,81,product,0735-0001,501.93,25.0965,476.8335,True
208,5463 MAR-HYDE QUIKSAND BUFF GA,81,product,0735-0002,501.93,25.0965,476.8335,True
209,550 AUTOM SEAM SEALER CAULK-GR,81,product,0017-0001,82.46,4.123,78.337,True
210,ABRILL.FINAL 3000  3.78L 06067,81,product,0003-0001,1037.84,51.892,985.948,True
211,ABRILL.FINAL 3000  946ML 06066,81,product,0003-0002,288.4,14.42,273.98,True
212,ABRILL.HULES/VINIL 473ml 39042,81,product,0743-0001,119,5.95,113.05,True
213,ABRILL.MAN.PERF.IT 473ML 39007,81,product,0003-0004,157.22,7.861,149.359,True
214,ABRILL.MAN.PERF.IT 473ML 39009,81,product,0003-0005,267.4,13.37,254.03,True
215,ABRILL.MANUAL IHG  3.78L  6000,81,product,0003-0006,1266.9,63.345,1203.555,True
216,ABRILL.MANUAL IHG  946ML  5990,81,product,0003-0007,436.58,21.829,414.751,True
217,ABRILL.MAQ.PERF-IT 946ML  5937,81,product,0003-0008,385.16,19.258,365.902,True
218,ABRILL.MAQ.P-IT EX  946ml 6094,81,product,0003-0019,517.4,25.87,491.53,True
219,ABRILL.MAQ.P-IT EX 3.78Lt 6095,81,product,0003-0020,1990.61,99.5305,1891.0795,True
220,ABRILL.PERF-IT II  225ml.5988P,81,product,0003-0011,107.43,5.3715,102.0585,True
221,ABRILL.TRIZ PERF-IT ACAB. 1LT.,81,product,0003-0012,498.48,24.924,473.556,True
222,ADAPT.P/BORLA 2CARAS 5/8”05752,81,product,0014-0034,424.17,21.2085,402.9615,True
223,ADAPTAD. P/SIST PPS No.9 16016,81,product,0662-0001,133.2,6.66,126.54,True
224,ADAPTADOR ATD SUPERBUFF   5710,81,product,0014-0019,123.01,6.1505,116.8595,True
225,ADHESIVO 3M 27 USO GRAL.368gr.,82,product,0024-0005,90.45,4.5225,85.9275,True
226,ADHESIVO 3M SUPER77 AEROS.476g,82,product,0024-0003,225.64,11.282,214.358,True
227,ADHESIVO P/CARROCER.200ML 8115,81,product,0017-0002,515,25.75,489.25,True
228,ADHESIVO P/PARABR. 310ML  8693,81,product,0017-0003,154.85,7.7425,147.1075,True
229,ADHESIVO PARA EMBLEMAS    8061,81,product,0017-0004,125.2,6.26,118.94,True
230,ADHESIVO PARTES FLEX.     5896,81,product,0017-0005,800.97,40.0485,760.9215,True
231,ADHESIVO TRUCK LINE 400ML 8272,81,product,0017-0007,806.35,40.3175,766.0325,True
232,ADHESIVO TRUCK LINE 400ML 8274,81,product,0017-0008,931.49,46.5745,884.9155,True
233,ALMOHAD/ESP.P/ABRILL 6”   5729,81,product,0036-0006,313.32,15.666,297.654,True
234,ARCILLA LIMPIAD.PERF-IT  38070,81,product,0469-0001,676.59,33.8295,642.7605,True
235,AUTOMIX P/FIBRA DE VIDRIO 8273,81,product,0017-0009,931.49,46.5745,884.9155,True
236,AUTOMIX partes rigidas 400ml,81,product,0017-0049,777.13,38.8565,738.2735,True
237,AUTOMIX REP.PART.FLEX.KIT 5895,81,product,0017-0010,550.93,27.5465,523.3835,True
238,BATERIA P/SUN GUN II     16398,81,product,0072-0018,1733.75,86.6875,1647.0625,True
239,BLUE TAPE 3M 0.609x27.4mt.,81,product,0670-0017,123.33,6.1665,117.1635,True
240,BODYSCHUTZ 3M    900ml.,81,product,0718-0001,286.99,14.3495,272.6405,True
241,BODYSCHUTZ 3M  3.785Lts.,81,product,0718-0008,856.81,42.8405,813.9695,True
242,BORLA 100% LANA 6” PERFECT IT,81,product,0080-0054,284.6,14.23,270.37,True
243,BORLA DOBLE CARA 9”      05753,81,product,0080-0055,552.16,27.608,524.552,True
244,BORLA DOBLE CARA LANA     5703,81,product,0080-0011,416.99,20.8495,396.1405,True
245,BORLA DOBLE CARA LANA 2+2 5704,81,product,0080-0012,473.98,23.699,450.281,True
246,BORLA ESPONJA 3”MORAD.2pz05759,81,product,0080-0066,207.83,10.3915,197.4385,True
247,BORLA ESPONJA 3”NEGRA 2pz05726,81,product,0080-0067,207.84,10.392,197.448,True
248,BORLA ESPONJA AZUL 6”    33286,81,product,0080-0057,260.59,13.0295,247.5605,True
249,BORLA ESPONJA AZUL 8”     5733,81,product,0080-0014,246.18,12.309,233.871,True
250,BORLA ESPONJA AZUL 8”dbl 05708,81,product,0080-0059,460.8,23.04,437.76,True
251,BORLA ESPONJA BCA.2Cara8”05706,81,product,0080-0060,439.02,21.951,417.069,True
252,BORLA ESPONJA BLANCA 6”  33284,81,product,0080-0058,254.68,12.734,241.946,True
253,BORLA ESPONJA GRIS 6”    33285,81,product,0080-0056,267.28,13.364,253.916,True
254,BORLA ESPONJA NEGRA 8”dbl 5707,81,product,0080-0045,512.03,25.6015,486.4285,True
255,BORLA LANA AM.SUPERBUFF 9”5705,81,product,0080-0020,542.84,27.142,515.698,True
256,BORLA SENCILLA HOOK IT   05711,81,product,0080-0023,285.22,14.261,270.959,True
257,CATALIZADOR 2772 PINTURA TRANS,81,product,0142-0006,320.06,16.003,304.057,True
258,CERA DE CAVIDADES RUST F. 8892,81,product,0159-0001,241.7,12.085,229.615,True
259,CERA LIQ.PERFOR.FI.423ML 39030,81,product,0159-0005,189.72,9.486,180.234,True
260,CERA LIQUIDA 3M  200gr.  39525,81,product,0159-0011,152.05,7.6025,144.4475,True
261,CERA PERF-IT LIQ.  473ML 39026,81,product,0159-0012,229.08,11.454,217.626,True
262,CERA PERF-IT PASTA 298GR 39526,81,product,0159-0013,286.75,14.3375,272.4125,True
263,CERA PREMIUM LIQ.  225ML 6004P,81,product,0159-0031,52.94,2.647,50.293,True
264,CERA PREMIUM LIQ.  946ML 06005,81,product,0159-0015,186.98,9.349,177.631,True
265,CERA PREMIUM LIQ. 3.78L   6006,81,product,0159-0014,694.52,34.726,659.794,True
266,CERA SUAVE 3M  400gr.    39525,81,product,0159-0036,164.72,8.236,156.484,True
267,CIERRE DUAL LOCK Sj3540 1”x50y,82,product,1254-0001,3764.14,188.207,3575.933,True
268,CINTA FINE LINE 218 03MM  6300,81,product,0565-0001,198.81,9.9405,188.8695,True
269,CINTA FINE LINE 218 06MM  6301,81,product,0565-0002,116.81,5.8405,110.9695,True
270,CINTA FINE LINE 218 12MM  6303,81,product,0565-0003,258.68,12.934,245.746,True
271,CINTA FINE LINE 218 25MM  6314,81,product,0565-0004,216.5,10.825,205.675,True
272,CINTA MOLD.NGR.12mmX 4.5m.6384,81,product,0191-0001,127.89,6.3945,121.4955,True
273,CINTA MOLD.NGR.12mmX18.3m.6380,81,product,0191-0002,397.18,19.859,377.321,True
274,CINTA MOLD.NGR.12mmX18.3m.6382,81,product,0191-0003,451.45,22.5725,428.8775,True
275,CINTA MOLD.NGR.22mmX18.3m.6381,81,product,0191-0004,542.29,27.1145,515.1755,True
276,CINTA MOLD.NGR.22mmX18.3m.6383,81,product,0191-0005,638.51,31.9255,606.5845,True
277,CINTA MONTAJE INTER. 12mmx1.9m,82,product,0191-0025,37.3,1.865,35.435,True
278,CINTA MONTAJE PESADO 12mmx1.9m,82,product,0191-0017,34.69,1.7345,32.9555,True
279,CINTA MONTAJE PESADO 25mmx1.2m,82,product,0191-0018,48.05,2.4025,45.6475,True
280,CINTA ORN/EMBL.GRIS 13MM  6377,81,product,0191-0006,351.42,17.571,333.849,True
281,CINTA ORN/EMBL.GRIS 22MM  6378,81,product,0191-0007,611.76,30.588,581.172,True
282,CINTA REFL.RJO/BCO.2”45.7m 6x6,82,product,0192-0002,1522.86,76.143,1446.717,True
283,CINTA REFL.RJO/BCO.2”45.7m11x7,82,product,0192-0001,1641.14,82.057,1559.083,True
284,CINTA REFL.RJO/BCO.C/6 TIRAS,82,product,0192-0003,101.95,5.0975,96.8525,True
285,CINTA SELLADORA P/CARROC.08475,81,product,0193-0001,121.19,6.0595,115.1305,True
286,CINTA VHB  6MM         4611/06,82,product,0191-0010,263.61,13.1805,250.4295,True
287,CINTA VHB 12MM         4611/12,81,product,0191-0012,473.59,23.6795,449.9105,True
288,CINTA VHB 18MM         4611/18,81,product,0191-0013,710.38,35.519,674.861,True
289,CINTA VHB 4229 1/2”x66m.Gris,81,product,0191-0021,621.21,31.0605,590.1495,True
290,CINTA VHB 4229 3/4”x66m.Gris,81,product,0191-0023,854.99,42.7495,812.2405,True
291,CINTA VHB BCA.12mmX33m.4622/12,81,product,0191-0016,575.87,28.7935,547.0765,True
292,CINTA VHB GRIS 0.012x33mt.RP45,82,product,0191-0024,303,15.15,287.85,True
293,CINTA VHB GRIS 0.019x33mt.RP45,82,product,0191-0020,455.41,22.7705,432.6395,True
294,CINTA VHB GRIS 0.024x33mt.RP45,82,product,0191-0022,606.27,30.3135,575.9565,True
295,COMP.PULID.FIN-P.I.473ML.39002,81,product,0695-0002,177.03,8.8515,168.1785,True
296,COMP.PULID.MEJORADO 946ML.6085,81,product,0695-0003,438.41,21.9205,416.4895,True
297,COMP.PULID.MEJORADO3.78LT.5086,81,product,0695-0004,1622.68,81.134,1541.546,True
298,COMP.PULID.PERF-IT 3.78L 06063,81,product,0695-0006,1240.2,62.01,1178.19,True
299,COMP.PULID.PERF-IT 946ML  5933,81,product,0695-0007,278.76,13.938,264.822,True
300,COMP.PULID.PERF-IT 946ML 06062,81,product,0695-0008,332.3,16.615,315.685,True
301,COPA MEZCL.C/COLL.600ML. 16001,81,product,0662-0004,431.44,21.572,409.868,True
302,COPA MEZCLADORA C/COLLAR 16023,81,product,0662-0005,190.3,9.515,180.785,True
303,COPETE HAZLO BIEN A LA PRIMERA,82,product,0341-0169,0.1,0.005,0.095,True
304,CORD.SELL.WINDO-WELD 3/8” 8622,81,product,0193-0002,136.73,6.8365,129.8935,True
305,CUÑA DE HULE W/D 51X76MM  5518,81,product,0248-0003,28.4,1.42,26.98,True
306,DESENGR.USO GRAL 3.78LTS 38350,82,product,0269-0001,819.96,40.998,778.962,True
307,DESPAC.D.LINER P/SIST PPS 6019,81,product,0270-0002,783.29,39.1645,744.1255,True
308,DESPACH.PELICULA PINTABLE 6780,82,product,0270-0004,2194.63,109.7315,2084.8985,True
309,DISCO CLEAN&STRIP 4.5”   27663,81,product,0286-0009,141.07,7.0535,134.0165,True
310,DISCO FIBRA 7” P36     581C/36,82,product,0286-0012,15.6,0.78,14.82,True
311,DURAMIX REPARADOR 200ML.  4247,81,product,0017-0012,453.79,22.6895,431.1005,True
312,DYNA-GLAZE 591 TUBO 672GR.,81,product,0735-0003,163.35,8.1675,155.1825,True
313,ELIMINADOR DE REMOLINOS   6068,81,product,0696-0001,551.45,27.5725,523.8775,True
314,ESPATULA MEZCLADORA C/3PZ. 357,82,product,0336-0054,16.88,0.844,16.036,True
315,ESPONJA ABR. FINO         2604,82,product,0337-0001,18.32,0.916,17.404,True
316,ESPONJA ABR. MEDIANO      2606,82,product,0337-0002,16.76,0.838,15.922,True
317,ESPONJA ABR. MUY FINO     2600,82,product,0337-0003,16.76,0.838,15.922,True
318,ESPONJA ABR. SUPER FINO   2602,82,product,0337-0004,18.32,0.916,17.404,True
319,ESPONJA ABR. ULTRA FINO   2601,82,product,0337-0005,16.76,0.838,15.922,True
320,ESPONJA PERF-IT P/ABRILL. 5725,81,product,0080-0031,535.22,26.761,508.459,True
321,ESPONJA PERF-IT PULIR#5723 2pz,81,product,0080-0038,514.86,25.743,489.117,True
322,EXHIB.3M FERRETERIA PARED80x90,82,product,0341-0181,0.1,0.005,0.095,True
323,EXHIB.3M FERRETERIA PISO180x50,82,product,0341-0182,0.1,0.005,0.095,True
324,EXHIB.3M P/ADH.AEROSOL S/PROD.,82,product,0341-0179,0.1,0.005,0.095,True
325,EXHIB.3M P/SELLADORES S/PROD.,82,product,0341-0178,0.1,0.005,0.095,True
326,EXHIB.HAZLO BIEN A LA PRIMERA,82,product,0341-0168,0.1,0.005,0.095,True
327,EXHIB.SIDEKICK ANTICORROSIVO,82,product,0341-0141,1478.7,73.935,1404.765,True
328,FIBRA MULTIFLEX MF C/60PZ.7521,81,product,0354-0010,712.08,35.604,676.476,True
329,FIBRA MULTIFLEX UF C/60PZ.7522,81,product,0354-0011,714.43,35.7215,678.7085,True
330,FILAMENTO BULK .018X55M   8934,82,product,0188-0008,44.48,2.224,42.256,True
331,FILAMENTO BULK .024X55M   8934,82,product,0188-0009,59.34,2.967,56.373,True
332,GARL.HOOKIT 2 3/4”X16”    5209,81,product,0858-0002,745.99,37.2995,708.6905,True
333,GARL.HOOKIT 2 3/4”X5”    05740,81,product,0858-0003,313.63,15.6815,297.9485,True
334,GARL.HOOKIT 69.9X197MM   05241,81,product,0858-0004,411.97,20.5985,391.3715,True
335,HTA.P/DISCO CORTE 3M 3”  33579,82,product,0334-0147,1504.85,75.2425,1429.6075,True
336,INTER.RESPALDO 6”        05274,81,product,0740-0005,245.31,12.2655,233.0445,True
337,INTER.RESPALDO 6”CLEAN S.05277,81,product,0740-0006,268.55,13.4275,255.1225,True
338,INTER.RESPALDO 6”CLEAN S.05777,81,product,0740-0007,117.97,5.8985,112.0715,True
339,JABON P/AUTOS GAL. 3.78L 38377,81,product,0793-0001,336.48,16.824,319.656,True
340,JGO. REP. DEF-FACIAS 660 355ML,81,product,0017-0013,290.03,14.5015,275.5285,True
341,JGO.PISTOLA HGP ACCUSPRAYP,81,product,0659-0068,2903,145.15,2757.85,True
342,JGO.PROTECTOR P/CAJAS CHICO726,81,product,0717-0001,708.8,35.44,673.36,True
343,KIT 2PULIMENTO#5974 +30MAMILAS,81,product,0695-0048,1780.11,89.0055,1691.1045,True
344,KIT 3CERA#39525+1SHAMPOO#39000,81,product,0159-0028,229.88,11.494,218.386,True
345,Kit 5Liner 600Ml.C/tapa+2tapon,81,product,0660-0006,107.86,5.393,102.467,True
346,KIT BOQ.ACCUSPRAY 1.4MM. 16612,81,product,0662-0063,127.48,6.374,121.106,True
347,KIT BOQ.ACCUSPRAY 1.8MM. 16611,81,product,0662-0034,316.01,15.8005,300.2095,True
348,KIT BOQ.MEZC.AUTOMIX 6PZS.8193,81,product,0018-0001,162.95,8.1475,154.8025,True
349,KIT DE REVELADOR          5861,81,product,0745-0001,481.28,24.064,457.216,True
350,KIT LAMPARA 3M SUN GUN II,81,product,0437-0008,9659.84,482.992,9176.848,True
351,KIT LINER 400ML PPS      16112,81,product,0662-0064,966.8,48.34,918.46,True
352,KIT LINER 600ML PPS      16000,81,product,0662-0065,1078.54,53.927,1024.613,True
353,KIT MINI COPA 177ML  PPS 16114,81,product,0662-0025,837.51,41.8755,795.6345,True
354,KIT PERFECT FINISH     PFINISH,81,product,0695-0013,1967.16,98.358,1868.802,True
355,KIT PULIDO/ ABRILL PROF.PN3000,81,product,0695-0014,1565.51,78.2755,1487.2345,True
356,KIT REP.PARTES PLASTIC.PN04849,81,product,0017-0014,2080.43,104.0215,1976.4085,True
357,KIT REPARA PARTES FLEX.  05891,81,product,0017-0048,800.97,40.0485,760.9215,True
358,LIJADORA DE BANDA 3M     33575,82,product,0450-0117,2385.62,119.281,2266.339,True
359,LIJADORA ORB. 6” SELFGEN 20208,81,product,0450-0045,3350.52,167.526,3182.994,True
360,LIMP.CRISTALES AER. 561ML.8888,81,product,0472-0005,111,5.55,105.45,True
361,LIMPIADOR 3M A.INOX.AER 625GR.,82,product,0469-0009,183.8,9.19,174.61,True
362,LIMPIADOR CONTACTOS 3M 10.5oz,82,product,0989-0002,257.72,12.886,244.834,True
363,LIMPIADOR DE HULES/VINIL.39040,81,product,0469-0006,177.03,8.8515,168.1785,True
364,LIMPIADOR DE MANOS PAINT  5975,82,product,0476-0004,202.89,10.1445,192.7455,True
365,LIMPIADOR FRENOS AIR14OZ 08880,81,product,0473-0002,59.07,2.9535,56.1165,True
366,LIMPIADOR LLANTAS-RINES 473ml.,81,product,0469-0014,189.51,9.4755,180.0345,True
367,LUBRICANTE AEROSOL 5WAY 476gr,82,product,0008-0017,239.04,11.952,227.088,True
368,LUBRICANTE ANTICORR.155g.AT155,82,product,0008-0012,27.58,1.379,26.201,True
369,LUBRICANTE ANTICORR.226g.,82,product,0008-0013,34.11,1.7055,32.4045,True
370,LUBRICANTE C/SILICON 710ML.,82,product,0008-0008,213.58,10.679,202.901,True
371,MANTA P/SOLDADURA 57”X80” 5919,82,product,0550-0001,2863.07,143.1535,2719.9165,True
372,MARSON SMOOTHIE 2oz.   PN20232,81,product,0630-0001,115.91,5.7955,110.1145,True
373,MASILLA FLOWABLE 24OZ.    5824,81,product,0735-0005,306.29,15.3145,290.9755,True
374,MASILLA PIRANHA 710ML     5821,81,product,0735-0006,345.84,17.292,328.548,True
375,MASILLA PLATINUMPLUS 30oz31180,81,product,0735-0031,297.8,14.89,282.91,True
376,MASILLA PREMIUM F. 946ML  5819,81,product,0735-0007,413.93,20.6965,393.2335,True
377,MICROFIBRA 3M AMARILLA 36x36cm,82,product,0604-0004,27.55,1.3775,26.1725,True
378,MICROFIBRA 3M AZUL     36x36cm,82,product,0604-0008,27.55,1.3775,26.1725,True
379,MICROFIBRA 3M BLANCA   36x36cm,82,product,0604-0009,27.55,1.3775,26.1725,True
380,MICROFIBRA 3M GRIS     36x36cm,82,product,0604-0010,27.55,1.3775,26.1725,True
381,MICROFIBRA 3M ROSA     36x36cm,82,product,0604-0011,27.55,1.3775,26.1725,True
382,MICROFIBRA 3M VERDE    36x36cm,82,product,0604-0012,27.55,1.3775,26.1725,True
383,MINI COPAS C/2 PZS 177ML 16115,81,product,0662-0026,241.03,12.0515,228.9785,True
384,PAÑO ABSORB.3M Amar.  36x36cm.,82,product,0604-0016,10.94,0.547,10.393,True
385,PAÑO ABSORB.3M Azul   36x36cm.,82,product,0604-0013,10.94,0.547,10.393,True
386,PAÑO ABSORB.3M Blanco 36x36cm.,82,product,0604-0015,10.94,0.547,10.393,True
387,PAÑO ABSORB.3M Rojo   36x36cm.,82,product,0604-0014,10.94,0.547,10.393,True
388,PAÑO ABSORB.3M Verde  36x36cm.,82,product,0604-0024,10.94,0.547,10.393,True
389,PAÑO LIMP. PERF-IT C/6PZS 6016,81,product,0604-0002,412.1,20.605,391.495,True
390,PAP.P/ENM.BEIGE  24”    BEIG24,81,product,0607-0009,336.83,16.8415,319.9885,True
391,PAP.P/ENM.BLANCO  6”     06537,81,product,0607-0006,147.18,7.359,139.821,True
392,PAP.P/ENM.BLANCO 12”     06538,81,product,0607-0001,288.01,14.4005,273.6095,True
393,PAP.P/ENM.BLANCO 18”     06539,81,product,0607-0002,362.16,18.108,344.052,True
394,PAP.P/ENM.BLANCO 24”     06541,81,product,0607-0003,571.37,28.5685,542.8015,True
395,PAP.P/ENM.BLANCO 36”     06540,81,product,0607-0004,921.38,46.069,875.311,True
396,PAP.P/ENM.ECONOMICO 30cm.6538E,81,product,0607-0027,258.51,12.9255,245.5845,True
397,PAP.P/ENM.ECONOMICO 45cm.6539E,81,product,0607-0025,384.79,19.2395,365.5505,True
398,PAP.P/ENM.ECONOMICO 60cm.6541E,81,product,0607-0028,512.55,25.6275,486.9225,True
399,PAP.P/ENM.ECONOMICO 90cm.6540E,81,product,0607-0026,798.51,39.9255,758.5845,True
400,PAP.P/ENM.SCOTCHBLOCK  6” 6706,81,product,0607-0016,147.18,7.359,139.821,True
401,PAP.P/ENM.SCOTCHBLOCK 18” 6718,81,product,0607-0018,428.83,21.4415,407.3885,True
402,PAPEL PROTEC.ANTICHISPAS  5916,81,product,0606-0001,1360.06,68.003,1292.057,True
403,PAQUETE PERFECT-IT VALUE PACK,81,product,0695-0015,945.48,47.274,898.206,True
404,PAQUETE PINTOR 3M,82,product,0629-0002,671.48,33.574,637.906,True
405,PELICULA PLAS.1.22X54M    6843,81,product,0670-0003,280.06,14.003,266.057,True
406,PELICULA PLAS.1.82X27.4M 77406,81,product,0670-0004,206.43,10.3215,196.1085,True
407,PELICULA PLAS.3.65X 6.05 6727I,81,product,0670-0015,90.82,4.541,86.279,True
408,PELICULA PLAS.3.65X121.9M 6727,81,product,0670-0005,501.17,25.0585,476.1115,True
409,PELICULA PLAS.4.87X 7.0m 6728I,81,product,0670-0016,66.11,3.3055,62.8045,True
410,PELICULA PLAS.4.87X106.7M 6728,81,product,0670-0006,674.97,33.7485,641.2215,True
411,PELICULA PLASTIC.AMARILLA 6700,81,product,0670-0007,392.65,19.6325,373.0175,True
412,PELICULA PLASTIC.PINTABLE 6742,81,product,0670-0008,535.47,26.7735,508.6965,True
413,PISTOLA 3M ACCUSPRAY 1.4mmHG14,81,product,0659-0067,1805.15,90.2575,1714.8925,True
414,PISTOLA 3M ACCUSPRAY 1.8mmHG09,81,product,0659-0042,2350.06,117.503,2232.557,True
415,PISTOLA 3M ACCUSPRAY ONE 16580,82,product,0659-0086,3231.9,161.595,3070.305,True
416,PISTOLA 3M STD. PPS1.5MM B0605,81,product,0659-0005,6786.74,339.337,6447.403,True
417,PISTOLA 3M STD. PPS1.8MM B2726,81,product,0659-0006,6786.74,339.337,6447.403,True
418,PISTOLA BODY SCHOTZ       8997,81,product,0663-0001,854.11,42.7055,811.4045,True
419,PISTOLA GRIP SANDER 3M   33577,82,product,0450-0118,1937.92,96.896,1841.024,True
420,PISTOLA MANUAL P/CARTUCH. 8571,81,product,0653-0004,1321.59,66.0795,1255.5105,True
421,PLACAS ANTISONORAS 20”X20”8840,81,product,0669-0001,113.17,5.6585,107.5115,True
422,PREP.DE SUPERFICIES 24oz. 6013,81,product,0687-0001,285.72,14.286,271.434,True
423,PRIMER 5512 A/GROSOR GRIS 946M,81,product,0636-0013,100.78,5.039,95.741,True
424,PRIMER DE ZINC SOLD.AER.  5917,81,product,0636-0014,227.93,11.3965,216.5335,True
425,PROMOT.DE BRILLO PERF IT 06084,81,product,0691-0001,121.09,6.0545,115.0355,True
426,PROMOT.DE BRILLO PERF IT 39034,81,product,0691-0002,156.42,7.821,148.599,True
427,PROMOTOR DE ADHESION 452G 5907,81,product,0690-0001,377.21,18.8605,358.3495,True
428,PROTEC.ACAB.PERF-IT 946ML 5941,81,product,0695-0016,235.15,11.7575,223.3925,True
429,PROTEC.ROCKER PANEL GRIS  8889,81,product,0719-0003,489.05,24.4525,464.5975,True
430,PULIDOR D PLASTICO 236ML.39010,81,product,0695-0017,198.11,9.9055,188.2045,True
431,PULIDOR/PROT.FAROS 236ml.39010,81,product,0695-0081,198.11,9.9055,188.2045,True
432,PULIM.COMP.PERF-IT 3.78L  5934,81,product,0695-0021,975.55,48.7775,926.7725,True
433,PULIM.COMP.PERF-IT 946ML  5973,81,product,0695-0023,380,19,361,True
434,PULIM.OBSC.PERF-IT 946ML  5996,81,product,0695-0028,592.02,29.601,562.419,True
435,PULIM.PAST.PERF-IT 3.78L  5983,81,product,0695-0029,764.94,38.247,726.693,True
436,PULIM.PASTA SUAVE CUB. 3.78Lts,81,product,0695-0062,587.84,29.392,558.448,True
437,PULIM.PASTA SUAVE CUB.18.90Lts,81,product,0695-0064,2485.18,124.259,2360.921,True
438,PULIM.PERFEC IT 3.78Lt.  36061,81,product,0695-0052,1882.9,94.145,1788.755,True
439,PULIM.Perfect-It EX  8oz.36058,81,product,0695-0063,148.8,7.44,141.36,True
440,PULIM.PERF-IT II  225ml. 5971P,81,product,0695-0030,72.8,3.64,69.16,True
441,PULIM.PERF-IT II 3.78Lt.  5974,81,product,0695-0022,734.86,36.743,698.117,True
442,PULIMENTO 3M 60ml.DOYPACK 5970,81,product,0695-0057,23.02,1.151,21.869,True
443,PULIMENTO DYNA. 822  1L.B.FINO,81,product,0695-0035,131.54,6.577,124.963,True
444,PULIMENTO DYNA. 882  1L.ROJO,81,product,0695-0036,131.54,6.577,124.963,True
445,PULIMENTO PERFECT-IT EX  946ml,81,product,0695-0056,472.45,23.6225,448.8275,True
446,RECUBR.ANTICORR.COVERCRLYL 3M,81,product,0718-0003,118.9,5.945,112.955,True
447,RECUBR.ANTICORR.COVERCRLYL3.7k,81,product,0718-0004,385.6,19.28,366.32,True
448,RECUBRIM.ANT-PIEDRA.650ML 8949,81,product,0719-0002,356.96,17.848,339.112,True
449,RECUBRIM.ATICORRORR.710ML 8883,81,product,0718-0006,213.53,10.6765,202.8535,True
450,RECUBRIM.AUTOMT.NGO.591ML 8881,81,product,0718-0007,97.8,4.89,92.91,True
451,RECUBRIMIENTO P/BATEAS  PN7277,81,product,0717-0002,2792.23,139.6115,2652.6185,True
452,RELLENADOR 3M F.DE VIDRIO 5816,81,product,0735-0032,864.99,43.2495,821.7405,True
453,RELLENADOR 3M LIGHT 754ml.5800,81,product,0735-0028,137,6.85,130.15,True
454,RELLENADOR 3M LIGHT GALON 5801,81,product,0735-0011,322.38,16.119,306.261,True
455,RELLENADOR 3M QUICK GRIP GAL.,81,product,0735-0035,264.61,13.2305,251.3795,True
456,RELLENADOR ACRIL.BCO.411g 5095,81,product,0735-0027,279.24,13.962,265.278,True
457,RELLENADOR ACRIL.RJO.411gr5099,81,product,0735-0029,226.99,11.3495,215.6405,True
458,RELLENADOR ACRIL.VDE.409G 5096,81,product,0735-0026,329.82,16.491,313.329,True
459,RELLENADOR ACRIL.VDE.595G 5960,81,product,0735-0015,232.45,11.6225,220.8275,True
460,RELLENADOR FIBRA VID.REF. 5815,81,product,0735-0016,282.02,14.101,267.919,True
461,RELLENADOR PLATINUM GALON 1171,81,product,0735-0030,381.76,19.088,362.672,True
462,RELLENADOR PLATINUM SEL. 31131,82,product,0735-0036,467.92,23.396,444.524,True
463,REMOV.DE MARCAS 30ml.DOYP.5993,81,product,0696-0005,23.02,1.151,21.869,True
464,REMOV.DE MARCAS C. 225ML 5994P,81,product,0696-0002,117.8,5.89,111.91,True
465,REMOV.DE MARCAS C. 473ml 39061,81,product,0696-0007,293.43,14.6715,278.7585,True
466,REMOV.DE MARCAS C. 473ml 39062,81,product,0696-0008,331.25,16.5625,314.6875,True
467,REMOV.DE MARCAS C. 946ML 06064,81,product,0696-0004,515.25,25.7625,489.4875,True
468,REMOV.DE MARCAS C.3.78L  06065,81,product,0696-0003,1680.62,84.031,1596.589,True
469,REMOV.DE MARCAS C.3.78L  06069,81,product,0696-0009,1855.73,92.7865,1762.9435,True
470,REMOV.DE MARCAS C.3.78L  39809,81,product,0696-0006,1657.43,82.8715,1574.5585,True
471,REMOVEDOR DE ADHESIVOS   38080,81,product,0732-0001,343.55,17.1775,326.3725,True
472,REPAR.PARTES PLAST. 200ML 4240,81,product,0017-0017,453.79,22.6895,431.1005,True
473,REPARADOR DE FACIAS 200ML 5887,81,product,0017-0018,490.35,24.5175,465.8325,True
474,RESALTADOR DE BRILLO GAL.38113,81,product,0003-0016,777.56,38.878,738.682,True
475,RESANADOR DYNA. 452 METAL-FILL,81,product,0735-0017,214.27,10.7135,203.5565,True
476,RESANADOR DYNALITE 494M G.MEX,81,product,0735-0021,191.7,9.585,182.115,True
477,RESANADOR PUTTY-COTE 592,81,product,0735-0022,77.93,3.8965,74.0335,True
478,RESP.CLEAN SANDING 6”HOOK 5551,81,product,0740-0009,401.3,20.065,381.235,True
479,RESP.CLEAN SANDING 6”HOOK 5865,81,product,0740-0010,391.01,19.5505,371.4595,True
480,RESP.CONV.A HOOKIT II 6” 02329,81,product,0740-0011,89.07,4.4535,84.6165,True
481,RESP.DISCO MALLA 8”X 1”  82793,81,product,0740-0016,463.84,23.192,440.648,True
482,RESP.DURO PERF-IT PULIDORA5718,81,product,0742-0003,875.74,43.787,831.953,True
483,RESP.P/PULIDORA 3M 6.5”   E112,81,product,0742-0017,165.18,8.259,156.921,True
484,RODILLO QUITA PELUSA SCOTCH-BR,82,product,0469-0008,48.86,2.443,46.417,True
485,RUEDA REMOV.ESP.ACRIL. 4” 7498,81,product,0766-0001,539.55,26.9775,512.5725,True
486,SELLAD.URET.P/PARAB.CART. 8609,82,product,0017-0021,124.82,6.241,118.579,True
487,SELLADOR ADH.P.U.NEGRO   310ml,82,product,0017-0042,84.79,4.2395,80.5505,True
488,SELLADOR BCO.  300ML MSP  8369,81,product,0017-0023,363.61,18.1805,345.4295,True
489,SELLADOR BEIGE 300ML      8300,81,product,0017-0024,186.62,9.331,177.289,True
490,SELLADOR MARINO 3M BCO.   5200,81,product,0017-0044,272.09,13.6045,258.4855,True
491,SELLADOR MARINO 3M NEGRO  5200,81,product,0017-0053,232.71,11.6355,221.0745,True
492,SELLADOR MARINO 3M S.R. 5200FC,81,product,0017-0038,324.5,16.225,308.275,True
493,SELLADOR P/APLIC C/BROCH.08656,81,product,0017-0026,460.27,23.0135,437.2565,True
494,SELLADOR PU 550FC BLANCO 310ml,82,product,0017-0036,84.78,4.239,80.541,True
495,SELLADOR PU 550FC BLANCO 600ml,82,product,0017-0041,110.87,5.5435,105.3265,True
496,SELLADOR PU 550FC GRIS   310ml,82,product,0017-0040,84.78,4.239,80.541,True
497,SELLADOR PU 550FC GRIS   600ml,82,product,0017-0052,110.87,5.5435,105.3265,True
498,SELLADOR PU 550FC NEGRO  600ml,82,product,0017-0054,116.42,5.821,110.599,True
499,SELLADOR PU 590 PARAB. 600 ML,82,product,0017-0051,172.75,8.6375,164.1125,True
500,SELLADOR URET.BCO.  310ml.8368,82,product,0017-0037,111.98,5.599,106.381,True
501,SELLADOR URET.BEIGE 310ml.8365,81,product,0017-0045,111.98,5.599,106.381,True
502,SELLADOR URET.GRIS  310ml.8362,81,product,0017-0046,121.29,6.0645,115.2255,True
503,SELLADOR URET.NEGRO 310ml.8367,81,product,0017-0047,132.35,6.6175,125.7325,True
504,SHAMPOO P/AUTO 3M 473ML  39000,81,product,0793-0003,98.83,4.9415,93.8885,True
505,SHIELD PLATA 250 ML,82,product,0479-0001,66.83,3.3415,63.4885,True
506,TAQ.MED.HOOKIT 2 3/4”x7.5”5208,81,product,0858-0014,439.6,21.98,417.62,True
507,TELA PEGAJOSA DYNATRON A. 0823,81,product,0835-0002,14.8,0.74,14.06,True
508,TELA PEGAJOSA MULTIPROP.  3192,81,product,0835-0003,30.05,1.5025,28.5475,True
509,TOALLAS PERF-IT C/125PZS  6010,81,product,0835-0005,377.46,18.873,358.587,True
510,CINTA ANTID. ROLLO 1”x18m NGRA,82,product,0182-0015,399.38,19.969,379.411,True
511,CINTA ANTID.1”x5yd BAÑO 7640NA,82,product,0182-0028,92.03,4.6015,87.4285,True
512,CINTA ANTID.1”x5yd NGRA 7634NA,82,product,0182-0029,92.03,4.6015,87.4285,True
513,CINTA ANTID.2”x5yd BAÑO 7641NA,82,product,0182-0018,116.87,5.8435,111.0265,True
514,CINTA ANTID.2”x5yd NGRA 7635NA,82,product,0182-0009,116.87,5.8435,111.0265,True
515,CINTA CEL.3M TRANS.1”X65m.#610,82,product,0183-0008,168.49,8.4245,160.0655,True
516,CINTA ELEC.3M #23 AUTOFUSIONAB,82,product,0187-0008,374.48,18.724,355.756,True
517,CINTA ELEC.3M ECON. 19X18Mt.,82,product,0187-0007,8.62,0.431,8.189,True
518,CINTA ELEC.SCOTCH F.V.018x20m.,82,product,0187-0019,358.32,17.916,340.404,True
519,CINTA ELEC.SUPER 33 10p+Guante,82,product,0187-0025,615.33,30.7665,584.5635,True
520,CINTA ELEC.SUPER 33 18x10m.,82,product,0187-0022,38.3,1.915,36.385,True
521,CINTA ELEC.SUPER 33 18x20m.,82,product,0187-0002,61.53,3.0765,58.4535,True
522,CINTA ELEC.SUPER 33+ 18x5m.,82,product,0187-0024,6.94,0.347,6.593,True
523,CINTA ELEC.TEMFLEX 19x18 AMAR.,82,product,0187-0010,17.98,0.899,17.081,True
524,CINTA ELEC.TEMFLEX 19x18 AZUL,82,product,0187-0011,17.98,0.899,17.081,True
525,CINTA ELEC.TEMFLEX 19x18 BCA.,82,product,0187-0012,17.98,0.899,17.081,True
526,CINTA ELEC.TEMFLEX 19x18 NEGRA,82,product,0187-0001,15,0.75,14.25,True
527,CINTA ELEC.TEMFLEX 19x18 ROJA,82,product,0187-0013,17.98,0.899,17.081,True
528,CINTA ELEC.TEMFLEX 19x18 VERDE,82,product,0187-0014,17.98,0.899,17.081,True
529,CINTA ELEC.TEMFLEX#1700 19X18m,82,product,0187-0009,18.62,0.931,17.689,True
530,CINTA EMP.CANELA  48x 50  365C,82,product,0188-0010,8.96,0.448,8.512,True
531,CINTA EMP.CANELA  48x150  365C,82,product,0188-0011,26.4,1.32,25.08,True
532,CINTA EMP.TRANSP. 48x 50  365T,82,product,0188-0012,8.97,0.4485,8.5215,True
533,CINTA EMP.TRANSP. 48x150  365T,82,product,0188-0013,26.16,1.308,24.852,True
534,CINTA ESPUMA GRIS 2297E  9mm.,82,product,0189-0003,40.44,2.022,38.418,True
535,CINTA ESPUMA GRIS 2299E 13mm.,82,product,0189-0004,43.33,2.1665,41.1635,True
536,CINTA ESPUMA/PROTECT 13mmX50mt,81,product,0565-0074,763.54,38.177,725.363,True
537,CINTA MARCAJE 2”x33m.764 Amari,82,product,0185-0011,43.27,2.1635,41.1065,True
538,CINTA MARCAJE 2”x33m.764 Azul,82,product,0185-0012,43.26,2.163,41.097,True
539,CINTA MARCAJE 2”x33m.764 Blanc,82,product,0185-0013,43.26,2.163,41.097,True
540,CINTA MARCAJE 2”x33m.764 Naran,82,product,0185-0010,43.26,2.163,41.097,True
541,CINTA MARCAJE 2”x33m.764 Roja,82,product,0185-0014,43.26,2.163,41.097,True
542,CINTA MARCAJE 2”x33m.764 Verde,82,product,0185-0015,43.26,2.163,41.097,True
543,CINTA MARCAJE 2”x33m.764Ngr/Am,82,product,0185-0016,43.26,2.163,41.097,True
544,CINTA P/DUCTO SCOTCH 48mmX10mt,82,product,0186-0008,22.47,1.1235,21.3465,True
545,CINTA P/DUCTO SCOTCH 48mmX50mt,82,product,0186-0009,73.04,3.652,69.388,True
546,CINTA P/DUCTO SCOTCH 48x50 3pz,82,product,0186-0010,189.78,9.489,180.291,True
547,CINTA P/DUCTO Trasp.1.88”x20yd,82,product,0186-0012,86.27,4.3135,81.9565,True
548,CINTA SAFETY WALK AMR.051x18mt,82,product,0182-0013,1108.7,55.435,1053.265,True
549,CINTA SAFETY WALK AMR.25X18.2M,82,product,0182-0012,513.74,25.687,488.053,True
550,CINTA SAFETY WALK NGO.051x18mt,82,product,0182-0016,962.98,48.149,914.831,True
551,CINTA SAFETY WALK NGO.19X18.2M,82,product,0182-0001,364.45,18.2225,346.2275,True
552,CINTA SAFETY WALK NGO.25X18.2M,82,product,0182-0002,481.5,24.075,457.425,True
553,CINTA SAFETY WALK Resil.Med.2”,82,product,0182-0014,888.23,44.4115,843.8185,True
554,DESPACH.3M CINTA EMPAQ. HB-903,82,product,0341-0148,188.27,9.4135,178.8565,True
555,MASKING TAPE 3M #000     18X55,82,product,0565-0006,19.69,0.9845,18.7055,True
556,MASKING TAPE 3M #103 Econ12X50,82,product,0565-0079,7.65,0.3825,7.2675,True
557,MASKING TAPE 3M #103 Econ18X50,82,product,0565-0080,10.86,0.543,10.317,True
558,MASKING TAPE 3M #103 Econ24X50,82,product,0565-0081,14.25,0.7125,13.5375,True
559,MASKING TAPE 3M #103 Econ36X50,82,product,0565-0082,22,1.1,20.9,True
560,MASKING TAPE 3M #103 Econ48X50,82,product,0565-0083,29.01,1.4505,27.5595,True
561,MASKING TAPE 3M #203     12X50,82,product,0565-0008,12.04,0.602,11.438,True
562,MASKING TAPE 3M #203     18X50,82,product,0565-0009,17.72,0.886,16.834,True
563,MASKING TAPE 3M #203     24X50,82,product,0565-0010,22.25,1.1125,21.1375,True
564,MASKING TAPE 3M #203     36X50,82,product,0565-0011,36.95,1.8475,35.1025,True
565,MASKING TAPE 3M #203     48X50,82,product,0565-0012,49.01,2.4505,46.5595,True
566,MASKING TAPE 3M #203     72X50,82,product,0565-0072,72.89,3.6445,69.2455,True
567,MASKING TAPE 3M #2090     3/4”,82,product,0565-0014,28.49,1.4245,27.0655,True
568,MASKING TAPE 3M #2090   1 ”,82,product,0565-0013,40.88,2.044,38.836,True
569,MASKING TAPE 3M #2090   1 1/2”,82,product,0565-0069,54.13,2.7065,51.4235,True
570,MASKING TAPE 3M #2090   2 ”,82,product,0565-0070,75.96,3.798,72.162,True
571,MASKING TAPE 3M #2090 1” c/9pz,82,product,0565-0078,208.45,10.4225,198.0275,True
572,MASKING TAPE 3M #2207    12X50,82,product,0565-0016,8.37,0.4185,7.9515,True
573,MASKING TAPE 3M #2207    18X50,82,product,0565-0017,12.6,0.63,11.97,True
574,MASKING TAPE 3M #2207    24X50,82,product,0565-0018,17.4,0.87,16.53,True
575,MASKING TAPE 3M #2207    36X50,82,product,0565-0019,25.21,1.2605,23.9495,True
576,MASKING TAPE 3M #2207    48X50,82,product,0565-0020,33.48,1.674,31.806,True
577,MASKING TAPE 3M #2308    18X55,81,product,0565-0023,30.98,1.549,29.431,True
578,MASKING TAPE 3M #2308    36X50,81,product,0565-0025,62.69,3.1345,59.5555,True
579,MASKING TAPE 3M #2308    48X50,81,product,0565-0026,71.97,3.5985,68.3715,True
580,MASKING TAPE 3M #2308 15mmX45m,81,product,0565-0071,22.35,1.1175,21.2325,True
581,MASKING TAPE 3M #2308 18mmX55m,81,product,0565-0024,32.06,1.603,30.457,True
582,MASKING TAPE 3M #2308 48mmX55m,81,product,0565-0027,84.7,4.235,80.465,True
583,MASKING TAPE 3M #233+     6X55,81,product,0565-0028,22.67,1.1335,21.5365,True
584,MASKING TAPE 3M #233+    12X55,81,product,0565-0029,29.29,1.4645,27.8255,True
585,MASKING TAPE 3M #233+    15X50,81,product,0565-0067,30.87,1.5435,29.3265,True
586,MASKING TAPE 3M #233+    18X55,81,product,0565-0030,37.99,1.8995,36.0905,True
587,MASKING TAPE 3M #233+    24X55,81,product,0565-0031,58.44,2.922,55.518,True
588,MASKING TAPE 3M #233+    36X55,81,product,0565-0032,87.71,4.3855,83.3245,True
589,MASKING TAPE 3M #233+    48X55,81,product,0565-0033,117,5.85,111.15,True
590,MASKING TAPE 3M TR.#6349 50X10,82,product,0565-0034,207.52,10.376,197.144,True
591,ALMOHADILLA HP-HP U.FINA  7448,81,product,0036-0020,9.52,0.476,9.044,True
592,ALMOHADILLA IND.USO GRL.  7447,81,product,0036-0016,10,0.5,9.5,True
593,ESPONJA SUPER ABSORBENTE C/2pz,82,product,0994-0001,19.51,0.9755,18.5345,True
594,FIBRA 3M ESPON.70x114mm. c/2pz,82,product,0354-0028,11,0.55,10.45,True
595,FIBRA SCOTCH BRITE BLANCA P-66,82,product,0354-0013,9.54,0.477,9.063,True
596,FIBRA SCOTCH BRITE ESPONJ P-0,82,product,0354-0041,13.55,0.6775,12.8725,True
597,FIBRA SCOTCH BRITE ESPONJ P-94,82,product,0354-0014,12.71,0.6355,12.0745,True
598,FIBRA SCOTCH BRITE GDE.A/LIMON,82,product,0354-0015,12.91,0.6455,12.2645,True
599,FIBRA SCOTCH BRITE GDE.ES.A/LI,82,product,0354-0016,20.84,1.042,19.798,True
600,FIBRA SCOTCH BRITE GIG.A/LIMON,82,product,0354-0017,21.57,1.0785,20.4915,True
601,FIBRA SCOTCH BRITE NEGRA  P-76,82,product,0354-0018,14,0.7,13.3,True
602,FIBRA SCOTCH BRITE P-46,82,product,0354-0039,8.85,0.4425,8.4075,True
603,FIBRA SCOTCH BRITE P-94 + 2000,82,product,0354-0038,16.68,0.834,15.846,True
604,FIBRA SCOTCH BRITE VERDE  P-96,82,product,0354-0019,10.85,0.5425,10.3075,True
605,FIBRA SCOTCH BRITE VINO   P-96,82,product,0354-0021,10.94,0.547,10.393,True
606,ARNES P/RESPIRADOR s6000  6281,82,product,1205-0002,181.45,9.0725,172.3775,True
607,CARTUCHO MIXTO 3M    3311LA-55,82,product,0563-0019,118.61,5.9305,112.6795,True
608,CARTUCHO P/AMONIACO LAM.  6004,82,product,0563-0013,118.6,5.93,112.67,True
609,CARTUCHO P/GASES E-CARE   6002,82,product,0563-0012,109.55,5.4775,104.0725,True
610,CARTUCHO P/PARTIC. P100  7093C,82,product,0563-0014,115.83,5.7915,110.0385,True
611,CARTUCHO P/VAP.ORG.ACIDOS 6003,82,product,0563-0011,107.32,5.366,101.954,True
612,CARTUCHO P/VAPORES ORG.  R6001,82,product,0563-0001,97.29,4.8645,92.4255,True
613,CHALECO 3M AMARILLO LIMON,82,product,0995-0003,247.81,12.3905,235.4195,True
614,CHALECO 3M DE MALLA AMAR.LIMON,82,product,0995-0009,126.24,6.312,119.928,True
615,CHALECO 3M DE MALLA ROJO-NJA.,82,product,0995-0004,126.24,6.312,119.928,True
616,FILTRO 3M  N95     R5N11,82,product,0563-0008,27.46,1.373,26.087,True
617,FILTRO 3M  P95     5P71,82,product,0563-0009,30.26,1.513,28.747,True
618,GUANTE COMFORT GRIP CutRes.Gde,82,product,0393-0008,312.22,15.611,296.609,True
619,GUANTE COMFORT GRIP U.GRAL.GDE,82,product,0393-0005,95,4.75,90.25,True
620,GUANTE COMFORT GRIP U.GRAL.XL,82,product,0393-0006,97.53,4.8765,92.6535,True
621,GUANTE NITRILO COMFORTGRIP GDE,82,product,0393-0003,95,4.75,90.25,True
622,GUANTE SATINADO 3M AMAR.  MED.,82,product,0392-0030,12.59,0.6295,11.9605,True
623,GUANTE SATINADO 3M AMAR. GDE.,82,product,0392-0031,12.59,0.6295,11.9605,True
624,GUANTE SATINADO 3M AZUL  MED.,82,product,0392-0032,12.59,0.6295,11.9605,True
625,GUANTE SATINADO 3M AZUL GDE.,82,product,0392-0033,12.59,0.6295,11.9605,True
626,GUANTE SATINADO 3M ROJO  MED.,82,product,0392-0034,12.59,0.6295,11.9605,True
627,GUANTE SATINADO 3M ROJO GDE.,82,product,0392-0025,12.59,0.6295,11.9605,True
628,GUANTE SATINADO 3M VERDE  MED.,82,product,0392-0035,12.59,0.6295,11.9605,True
629,GUANTE SATINADO 3M VERDE GDE.,82,product,0392-0036,12.59,0.6295,11.9605,True
630,LENTE LIGHT VISION MICA CLARA,82,product,0443-0014,216.17,10.8085,205.3615,True
631,LENTE VIRTUA AP MICA CLARA,82,product,0443-0022,43.38,2.169,41.211,True
632,LENTE VIRTUA AP MICA GRIS,82,product,0443-0023,31.79,1.5895,30.2005,True
633,LENTE VIRTUA CLASICO S/RECUBR.,82,product,0443-0010,20.74,1.037,19.703,True
634,LENTE VIRTUA PATILLAS GRISES,82,product,0443-0011,31.28,1.564,29.716,True
635,LENTE VIRTUA PLUS MICA CLARA,82,product,0443-0008,47.12,2.356,44.764,True
636,LENTE VIRTUA PLUS MICA GRIS,82,product,0443-0009,48.47,2.4235,46.0465,True
637,MASCARILLA P/PARTICULAS  R8515,82,product,0562-0010,54.32,2.716,51.604,True
638,MASCARILLA PART.N95 PLEG.NIOSH,82,product,0562-0012,8.75,0.4375,8.3125,True
639,MASCARILLA POLVOS    8210 PLUS,82,product,0562-0027,19.49,0.9745,18.5155,True
640,MASCARILLA POLVOS NOTOX.R9002M,82,product,0562-0013,8.08,0.404,7.676,True
641,MASCARILLA POLVOS TOXIC. R8210,82,product,0562-0014,18.23,0.9115,17.3185,True
642,MASCARILLA SELLO FAC.N95 R8511,82,product,0562-0015,35.68,1.784,33.896,True
643,MASCARILLA VAP.ORGANICOS R8247,82,product,0562-0017,48.04,2.402,45.638,True
644,MASCARILLA VFLEX PLEG.N95 9105,82,product,0562-0018,9.26,0.463,8.797,True
645,OREJERA 3M  1436,82,product,0827-0008,150.3,7.515,142.785,True
646,RESPIRADOR 3M P95 VAP.ORG.8577,82,product,0562-0022,65.87,3.2935,62.5765,True
647,RESPIRADOR CARA COMP. MED.6800,82,product,0562-0019,2597.67,129.8835,2467.7865,True
648,RESPIRADOR MEDIA CARA MED.3200,82,product,0562-0024,159.15,7.9575,151.1925,True
649,RESPIRADOR MEDIA CARA MED.6200,82,product,0562-0009,220.46,11.023,209.437,True
650,RETENEDOR P/FILTRO       R0501,82,product,0563-0010,31.89,1.5945,30.2955,True
651,TAPON AUDITIVO C/CORDON  1290,82,product,0827-0006,15.21,0.7605,14.4495,True
652,TAPON AUDITIVO C/CORDON  R1110,82,product,0827-0001,4.35,0.2175,4.1325,True
653,TAPON AUDITIVO S/CORDON  R1100,82,product,0827-0002,1.64,0.082,1.558,True
654,TAPON ULTRAFIT 27 C/CORDON8002,82,product,0827-0007,11.83,0.5915,11.2385,True
655,TAPON ULTRAFIT C/C ECONOP.4014,82,product,0827-0005,13.57,0.6785,12.8915,True
656,TAPON ULTRAFIT C/CORDON   4002,82,product,0827-0003,15.78,0.789,14.991,True
657,TRAJE SEG.BCO.TIPO 5/6 2XL4510,82,product,0995-0007,73.24,3.662,69.578,True
658,TRAJE SEG.NGR.TIPO 5/6 L  4510,82,product,0995-0011,137.05,6.8525,130.1975,True
659,AFIX  3018 CONTACTO ECO. 125ml,83,product,0019-0070,18.07,0.9035,17.1665,True
660,AFIX  3018 CONTACTO ECO. 250ml,83,product,0019-0071,24.31,1.2155,23.0945,True
661,AFIX  3018 CONTACTO ECO. 500ml,83,product,0019-0072,37.61,1.8805,35.7295,True
662,AFIX  3018 CONTACTO ECO.1 Lt.,83,product,0019-0073,60.51,3.0255,57.4845,True
663,AFIX  3018 CONTACTO ECO.10 Lt.,83,product,0019-0074,447.09,22.3545,424.7355,True
664,AFIX  4400 BLANCO MULTIUSO  1k,83,product,0027-0062,34.16,1.708,32.452,True
665,AFIX  4400 BLANCO MULTIUSO  4k,83,product,0027-0063,101.11,5.0555,96.0545,True
666,AFIX  4400 BLANCO MULTIUSO 18k,83,product,0027-0060,453.22,22.661,430.559,True
667,AFIX  5500 CONTACTO     21 ml.,83,product,0019-0069,16.23,0.8115,15.4185,True
668,AFIX  5500 CONTACTO    125 ml.,83,product,0019-0062,20.16,1.008,19.152,True
669,AFIX  5500 CONTACTO    250 ml.,83,product,0019-0063,29.62,1.481,28.139,True
670,AFIX  5500 CONTACTO    500ml,83,product,0019-0064,45.3,2.265,43.035,True
671,AFIX  5500 CONTACTO   1 Lt.,83,product,0019-0065,66.09,3.3045,62.7855,True
672,AFIX  5500 CONTACTO   4 Lt.,83,product,0019-0066,217.54,10.877,206.663,True
673,AFIX  5500 CONTACTO  18 Lt.,83,product,0019-0067,923.64,46.182,877.458,True
674,AFIX  8500 BLANCO    250 gr.,83,product,0027-0046,22.82,1.141,21.679,True
675,AFIX  8500 BLANCO    500 gr.,83,product,0027-0047,33.36,1.668,31.692,True
676,AFIX  8500 BLANCO   1 Kg.,83,product,0027-0048,51.71,2.5855,49.1245,True
677,AFIX  8500 BLANCO   4 Kg.,83,product,0027-0049,152.62,7.631,144.989,True
678,AFIX  8500 BLANCO  18 Kg.,83,product,0027-0050,601.22,30.061,571.159,True
679,AFIX  9500 CARPINTERO   250 gr,83,product,0027-0051,24.34,1.217,23.123,True
680,AFIX  9500 CARPINTERO   500 gr,83,product,0027-0052,35.09,1.7545,33.3355,True
681,AFIX  9500 CARPINTERO  1 Kg.,83,product,0027-0053,55.69,2.7845,52.9055,True
682,AFIX  9500 CARPINTERO  4 Kg.,83,product,0027-0054,170.15,8.5075,161.6425,True
683,AFIX  9500 CARPINTERO 18 Kg.,83,product,0027-0055,785.18,39.259,745.921,True
684,AFIX AERO CONTAC 250ml.,83,product,0019-0076,0,0,0,True
685,AFIX AF 01 20gr. PEG.INSTANT.,83,product,0023-0024,28.49,1.4245,27.0655,True
686,AFIX AF 02 20gr. PEG.INSTANT.,83,product,0023-0025,28.49,1.4245,27.0655,True
687,AFIX FIJA TODO  TUBITO 70gr.,83,product,0020-0013,11.69,0.5845,11.1055,True
688,AFIX FIJA TODO CARTUCHO 300ml,83,product,0020-0014,35.38,1.769,33.611,True
689,AFIX   390 SELLADOR    1 Kg.,83,product,0782-0011,35.28,1.764,33.516,True
690,AFIX   390 SELLADOR    4 Kg.,83,product,0782-0012,105.3,5.265,100.035,True
691,AFIX   390 SELLADOR   18 Kg.,83,product,0782-0013,379.8,18.99,360.81,True
692,AFIX  4020 CALZADO    17 Lt.,83,product,0019-0061,787.55,39.3775,748.1725,True
693,ARTEMELT HM 1847-1 SACO 25 Kg,83,product,1262-0001,2924.5,146.225,2778.275,True
694,PROBST  4020 SUPER    17 Lt.,83,product,0019-0068,888.8,44.44,844.36,True
695,PROBST  4098 ASPREABLE CUB,83,product,0019-0075,1081.23,54.0615,1027.1685,True
696,AFIX ADH.CPVC AMAR.  60ml.TUBO,83,product,0615-0006,12.57,0.6285,11.9415,True
697,AFIX ADH.CPVC AMAR. 118ml.,83,product,0615-0007,25.91,1.2955,24.6145,True
698,AFIX ADH.CPVC AMAR. 236ml.,83,product,0615-0008,41.54,2.077,39.463,True
699,AFIX ADH.CPVC AMAR. 473ml.,83,product,0615-0009,71.6,3.58,68.02,True
700,AFIX ADH.PVC SANIT.ROJO   60ml,83,product,0616-0028,9.68,0.484,9.196,True
701,AFIX ADH.PVC SANIT.ROJO  118ml,83,product,0616-0029,20.39,1.0195,19.3705,True
702,AFIX ADH.PVC SANIT.ROJO  236ml,83,product,0616-0030,30.34,1.517,28.823,True
703,AFIX ADH.PVC SANIT.ROJO  473ml,83,product,0616-0031,50.45,2.5225,47.9275,True
704,AFIX ADH.PVC SANIT.ROJO  946ml,83,product,0616-0032,87.52,4.376,83.144,True
705,AFIX ADH.PVC WET AZUL    60ml.,83,product,0616-0033,11.68,0.584,11.096,True
706,AFIX ADH.PVC WET AZUL   118ml.,83,product,0616-0034,25.67,1.2835,24.3865,True
707,AFIX ADH.PVC WET AZUL   236ml.,83,product,0616-0035,39.47,1.9735,37.4965,True
708,AFIX ADH.PVC WET AZUL   473ml.,83,product,0616-0036,66.67,3.3335,63.3365,True
709,AFIX ADH.PVC WET AZUL   946ml.,83,product,0616-0037,119.84,5.992,113.848,True
710,AFIX LIMPIADOR PVC  500ml.,83,product,0617-0002,44.65,2.2325,42.4175,True
711,AFIX ESPUMA POLIURETANO 300ml.,83,product,0339-0012,39.15,1.9575,37.1925,True
712,AFIX ESPUMA POLIURETANO 500ml.,83,product,0339-0013,52.14,2.607,49.533,True
713,AFIX SELL.ACRILICO BCO.  310ml,83,product,0779-0145,18.4,0.92,17.48,True
714,AFIX SILICON BYC TRANSP. 280gr,83,product,0779-0144,29.03,1.4515,27.5785,True
715,AFIX SILICON NEUTRO BCO. 280gr,83,product,0779-0152,29.03,1.4515,27.5785,True
716,ESCUADRA ESQ.# 1 1” C/24pz,84,product,0329-0018,17,0.85,16.15,True
717,MENSULA ALMET # 1,84,product,0573-0001,3.23,0.1615,3.0685,True
718,MENSULA ALMET # 2,84,product,0573-0002,3.77,0.1885,3.5815,True
719,MENSULA ALMET # 3 134 X 156MM.,84,product,0573-0003,4.4,0.22,4.18,True
720,MENSULA ALMET # 4 205 X 156MM.,84,product,0573-0004,5.03,0.2515,4.7785,True
721,MENSULA ALMET # 5 205 X 255MM.,84,product,0573-0005,6.55,0.3275,6.2225,True
722,MENSULA ALMET # 6 255 X 305MM.,84,product,0573-0006,7.45,0.3725,7.0775,True
723,MENSULA ALMET BLANCA # 2,84,product,0573-0007,2.76,0.138,2.622,True
724,MENSULA ALMET BLANCA # 3,84,product,0573-0008,3.54,0.177,3.363,True
725,MENSULA ALMET BLANCA # 4,84,product,0573-0009,5.1,0.255,4.845,True
726,MENSULA ALMET BLANCA # 5,84,product,0573-0010,6.62,0.331,6.289,True
727,MENSULA ALMET BLANCA # 6,84,product,0573-0011,10.05,0.5025,9.5475,True
728,PISTOLA P/CALAF C/CREMALL. C-1,84,product,0653-0007,37.49,1.8745,35.6155,True
729,PISTOLA P/CALAF ESQUELET.IMP50,84,product,0653-0008,21.25,1.0625,20.1875,True
730,PRENSA ALMET PA-2   2 1/2,84,product,0681-0014,49.5,2.475,47.025,True
731,PRENSA ALMET PNA-4  2 1/2,84,product,0681-0015,60.45,3.0225,57.4275,True
732,ABRAZADERA ARDA    004 MINI,85,product,0002-0001,2.48,0.124,2.356,True
733,ABRAZADERA ARDA    006 MINI,85,product,0002-0002,2.58,0.129,2.451,True
734,ABRAZADERA ARDA  M-006,85,product,0002-0003,4.1,0.205,3.895,True
735,ABRAZADERA ARDA  M-008,85,product,0002-0004,4.1,0.205,3.895,True
736,ABRAZADERA ARDA  M-010,85,product,0002-0005,4.1,0.205,3.895,True
737,ABRAZADERA ARDA  M-012,85,product,0002-0006,4.1,0.205,3.895,True
738,ABRAZADERA ARDA  M-016,85,product,0002-0007,4.44,0.222,4.218,True
739,ABRAZADERA ARDA  M-020,85,product,0002-0008,4.53,0.2265,4.3035,True
740,ABRAZADERA ARDA  M-024,85,product,0002-0009,4.69,0.2345,4.4555,True
741,ABRAZADERA ARDA  M-028,85,product,0002-0010,4.94,0.247,4.693,True
742,ABRAZADERA ARDA  M-032,85,product,0002-0011,5.28,0.264,5.016,True
743,ABRAZADERA ARDA  M-036,85,product,0002-0012,5.69,0.2845,5.4055,True
744,ABRAZADERA ARDA  M-040,85,product,0002-0013,7.01,0.3505,6.6595,True
745,ABRAZADERA ARDA  M-044,85,product,0002-0014,6.92,0.346,6.574,True
746,ABRAZADERA ARDA  M-048,85,product,0002-0015,7.53,0.3765,7.1535,True
747,ABRAZADERA ARDA  M-052,85,product,0002-0016,7.64,0.382,7.258,True
748,ABRAZADERA ARDA  M-056,85,product,0002-0017,11.34,0.567,10.773,True
749,ABRAZADERA ARDA  M-060,85,product,0002-0018,8.7,0.435,8.265,True
750,ABRAZADERA ARDA  M-064,85,product,0002-0019,9.23,0.4615,8.7685,True
751,ABRAZADERA ARDA  M-072,85,product,0002-0020,9.71,0.4855,9.2245,True
752,ABRAZADERA ARDA  M-080,85,product,0002-0021,14.09,0.7045,13.3855,True
753,ABRAZADERA ARDA  M-088,85,product,0002-0022,10.89,0.5445,10.3455,True
754,ABRAZADERA ARDA  M-096,85,product,0002-0023,12.02,0.601,11.419,True
755,ABRAZADERA ARDA  M-104,85,product,0002-0024,12.54,0.627,11.913,True
756,ABRAZADERA LEGION   04 MINI,85,product,0002-0056,2.24,0.112,2.128,True
757,ABRAZADERA LEGION   06 MINI,85,product,0002-0057,2.3,0.115,2.185,True
758,ABRAZADERA LEGION 25PZ.   M-06,85,product,0002-0059,2.64,0.132,2.508,True
759,ABRAZADERA LEGION 25PZ.   M-08,85,product,0002-0060,2.68,0.134,2.546,True
760,ABRAZADERA LEGION 25PZ.   M-12,85,product,0002-0061,2.68,0.134,2.546,True
761,ABRAZADERA LEGION M-06,85,product,0002-0065,3.53,0.1765,3.3535,True
762,ABRAZADERA LEGION M-08,85,product,0002-0066,3.53,0.1765,3.3535,True
763,ABRAZADERA LEGION M-10,85,product,0002-0067,3.53,0.1765,3.3535,True
764,ABRAZADERA LEGION M-12,85,product,0002-0068,3.53,0.1765,3.3535,True
765,ABRAZADERA LEGION M-16,85,product,0002-0069,3.59,0.1795,3.4105,True
766,ABRAZADERA LEGION M-20,85,product,0002-0070,3.76,0.188,3.572,True
767,ABRAZADERA LEGION M-24,85,product,0002-0071,3.93,0.1965,3.7335,True
768,ABRAZADERA LEGION M-28,85,product,0002-0072,4.12,0.206,3.914,True
769,ABRAZADERA LEGION M-32,85,product,0002-0073,4.41,0.2205,4.1895,True
770,ABRAZADERA LEGION M-36,85,product,0002-0074,4.7,0.235,4.465,True
771,CONEXION COMP.ARDA 1/2” C/GARR,85,product,0543-0002,16.24,0.812,15.428,True
772,CONEXION COMP.ARDA 1/2” S/GARR,85,product,0543-0003,12.76,0.638,12.122,True
773,CONEXION HEMBRA ARDA 1/2”  C/G,85,product,0543-0004,10.16,0.508,9.652,True
774,CONEXION HEMBRA ARDA 1/2”  S/G,85,product,0543-0005,7.78,0.389,7.391,True
775,CONEXION HEMBRA ARDA 3/4”  C/G,85,product,0543-0006,9.78,0.489,9.291,True
776,RASTRILLO ARDA AGRIC.14 DTES.,85,product,0711-0001,67.1,3.355,63.745,True